<?xml version="1.0" encoding="UTF-8"?>
<!DOCTYPE hibernate-configuration PUBLIC
        "-//Hibernate/Hibernate Configuration DTD 3.0//EN"
        "http://hibernate.org/dtd/hibernate-configuration-3.0.dtd">
<hibernate-configuration>
    <session-factory>
        <property name="connection.driver_class">com.mysql.cj.jdbc.Driver</property>
        <property name="connection.url">jdbc:mysql://localhost:3306/prac</property>
        <property name="connection.user">root</property>
        <property name="connection.password">#Pavan295</property>        
        <property name="show_sql">true</property>
        <!-- <property name="hbm2ddl.auto">create</property> -->
        <property name="dialect">org.hibernate.dialect.MySQL5Dialect</property>
        
        <mapping resource="Product.hbm.xml" />
        
    </session-factory>
</hibernate-configuration>